{"cameraMode":{"drawMode":0,"name":"Shaded","section":"Shading Mode"},"sceneLighting":false,"audioPlay":false,"sceneViewState":{"m_AlwaysRefresh":false,"showFog":true,"showSkybox":false,"showFlares":true,"showImageEffects":true,"showParticleSystems":true,"showVisualEffectGraphs":true,"m_FxEnabled":true},"in2DMode":false,"pivot":{"x":-0.06416559219360352,"y":0.024569613859057428,"z":-0.08930351585149765},"rotation":{"x":0.47491925954818728,"y":0.2296355664730072,"z":-0.12990422546863557,"w":0.839541494846344},"size":0.29300856590270998,"orthographic":false}